Number,Short description,Description,Category,Priority,State,Assignment group,Opened at,Resolved at,Closed at,Resolution code,Resolution notes
INC100000,Hardware issue for user 378,User reports hardware problem. Error observed at login. Restart attempted without success.,Hardware,2 - High,Closed,Service Desk,2026-02-28 04:50:00,2026-02-28 10:18:00,2026-02-28 11:18:00,User education,Password reset performed and user confirmed access restored.
INC100001,Network issue for user 17,User reports network problem. Error observed at login. Restart attempted without success.,Network,2 - High,Closed,Service Desk,2026-02-19 15:22:00,2026-02-19 18:34:00,2026-02-19 19:34:00,Resolved by IT,
INC100002,Printer issue for user 280,User reports printer problem. Error observed at login. Restart attempted without success.,Printer,3 - Moderate,Closed,Database,2026-02-15 23:57:00,2026-02-16 05:18:00,2026-02-16 06:18:00,Resolved by IT,Password reset performed and user confirmed access restored.
INC100003,Access issue for user 389,User reports access problem. Error observed at login. Restart attempted without success.,Access,4 - Low,Closed,Network Ops,2026-01-26 07:43:00,2026-01-29 13:17:00,2026-01-29 14:17:00,User education,Password reset performed and user confirmed access restored.
INC100004,Access issue for user 195,User reports access problem. Error observed at login. Restart attempted without success.,Access,2 - High,Closed,Service Desk,2026-01-26 07:01:00,2026-01-26 15:24:00,2026-01-26 16:24:00,Resolved by caller,Password reset performed and user confirmed access restored.
INC100005,Access issue for user 374,User reports access problem. Error observed at login. Restart attempted without success.,Access,3 - Moderate,Closed,Database,2026-02-24 22:51:00,2026-02-26 03:49:00,2026-02-26 04:49:00,User education,
INC100006,Email issue for user 454,User reports email problem. Error observed at login. Restart attempted without success.,Email,3 - Moderate,Closed,Windows Platform,2026-03-25 22:47:00,2026-03-25 22:12:00,2026-03-25 23:12:00,User education,
INC100007,Hardware issue for user 396,User reports hardware problem. Error observed at login. Restart attempted without success.,Hardware,1 - Critical,Closed,Windows Platform,2026-01-07 07:56:00,2026-01-07 09:46:00,2026-01-07 10:46:00,Resolved by IT,Password reset performed and user confirmed access restored.
INC100008,Software issue for user 84,User reports software problem. Error observed at login. Restart attempted without success.,Software,2 - High,Closed,Windows Platform,2026-03-20 20:51:00,2026-03-21 01:39:00,2026-03-21 02:39:00,Resolved by caller,
INC100009,Printer issue for user 332,User reports printer problem. Error observed at login. Restart attempted without success.,Printer,3 - Moderate,Closed,Service Desk,2026-01-25 07:13:00,2026-01-27 19:40:00,2026-01-27 20:40:00,User education,Password reset performed and user confirmed access restored.
INC100010,Printer issue for user 353,User reports printer problem. Error observed at login. Restart attempted without success.,Printer,3 - Moderate,Closed,Identity,2026-02-18 14:50:00,2026-02-20 10:08:00,2026-02-20 11:08:00,Resolved by IT,Password reset performed and user confirmed access restored.
INC100011,Access issue for user 118,User reports access problem. Error observed at login. Restart attempted without success.,Access,4 - Low,Closed,Service Desk,2026-03-18 17:14:00,2026-03-25 23:00:00,2026-03-26 00:00:00,Resolved by caller,Password reset performed and user confirmed access restored.
INC100012,Software issue for user 109,User reports software problem. Error observed at login. Restart attempted without success.,Software,2 - High,Closed,End User Compute,2026-01-07 00:35:00,2026-01-07 12:18:00,2026-01-07 13:18:00,Resolved by caller,Password reset performed and user confirmed access restored.
INC100013,Hardware issue for user 136,User reports hardware problem. Error observed at login. Restart attempted without success.,Hardware,3 - Moderate,Closed,Network Ops,2026-03-25 05:51:00,2026-03-26 01:40:00,2026-03-26 02:40:00,Resolved by IT,Password reset performed and user confirmed access restored.
INC100014,Network issue for user 186,User reports network problem. Error observed at login. Restart attempted without success.,Network,3 - Moderate,Closed,Network Ops,2026-02-19 01:24:00,2026-02-18 23:39:00,2026-02-19 00:39:00,Resolved by IT,Password reset performed and user confirmed access restored.
INC100015,Access issue for user 79,User reports access problem. Error observed at login. Restart attempted without success.,Access,4 - Low,Closed,End User Compute,2026-01-09 06:35:00,2026-01-11 03:26:00,2026-01-11 04:26:00,Resolved by IT,Password reset performed and user confirmed access restored.
INC100016,Network issue for user 271,User reports network problem. Error observed at login. Restart attempted without success.,Network,3 - Moderate,Closed,Windows Platform,2026-02-08 10:13:00,2026-02-09 00:27:00,2026-02-09 01:27:00,User education,Password reset performed and user confirmed access restored.
INC100017,Access issue for user 350,User reports access problem. Error observed at login. Restart attempted without success.,Access,3 - Moderate,Closed,Identity,2026-01-02 01:04:00,2026-01-04 03:47:00,2026-01-04 04:47:00,Resolved by caller,Password reset performed and user confirmed access restored.
INC100018,Printer issue for user 449,User reports printer problem. Error observed at login. Restart attempted without success.,Printer,2 - High,Closed,End User Compute,2026-01-31 23:07:00,2026-02-01 01:29:00,2026-02-01 02:29:00,Resolved by caller,Password reset performed and user confirmed access restored.
INC100019,Access issue for user 446,User reports access problem. Error observed at login. Restart attempted without success.,Access,2 - High,Closed,End User Compute,2026-03-11 08:31:00,2026-03-11 15:31:00,2026-03-11 16:31:00,Resolved by caller,Password reset performed and user confirmed access restored.
INC100020,Email issue for user 489,User reports email problem. Error observed at login. Restart attempted without success.,Email,3 - Moderate,Closed,Identity,2026-02-16 05:00:00,2026-02-18 09:15:00,2026-02-18 10:15:00,Resolved by IT,Password reset performed and user confirmed access restored.
INC100021,Software issue for user 450,User reports software problem. Error observed at login. Restart attempted without success.,Software,1 - Critical,Closed,Windows Platform,2026-02-14 11:22:00,2026-02-14 16:23:00,2026-02-14 17:23:00,Resolved by IT,
INC100022,Access issue for user 390,User reports access problem. Error observed at login. Restart attempted without success.,Access,3 - Moderate,Closed,Identity,2026-03-21 22:02:00,2026-03-24 11:03:00,2026-03-24 12:03:00,Resolved by IT,
INC100023,Hardware issue for user 136,User reports hardware problem. Error observed at login. Restart attempted without success.,Hardware,4 - Low,Closed,Identity,2026-02-13 06:16:00,2026-02-20 07:38:00,2026-02-20 08:38:00,User education,Password reset performed and user confirmed access restored.
INC100024,Printer issue for user 160,User reports printer problem. Error observed at login. Restart attempted without success.,Printer,4 - Low,Closed,Database,2026-01-20 06:40:00,2026-01-25 07:40:00,2026-01-25 08:40:00,User education,Password reset performed and user confirmed access restored.
INC100025,Network issue for user 62,User reports network problem. Error observed at login. Restart attempted without success.,Network,4 - Low,Closed,Network Ops,2026-02-09 21:02:00,2026-02-10 11:51:00,2026-02-10 12:51:00,Resolved by IT,
INC100026,Access issue for user 363,User reports access problem. Error observed at login. Restart attempted without success.,Access,3 - Moderate,Closed,End User Compute,2026-01-02 21:57:00,2026-01-04 09:14:00,2026-01-04 10:14:00,Resolved by IT,
INC100027,Software issue for user 37,User reports software problem. Error observed at login. Restart attempted without success.,Software,1 - Critical,Closed,Identity,2026-03-24 09:55:00,2026-03-24 13:50:00,2026-03-24 14:50:00,Resolved by IT,
INC100028,Email issue for user 296,User reports email problem. Error observed at login. Restart attempted without success.,Email,2 - High,Closed,Database,2026-02-14 04:24:00,2026-02-14 15:02:00,2026-02-14 16:02:00,Resolved by IT,Password reset performed and user confirmed access restored.
INC100029,Access issue for user 50,User reports access problem. Error observed at login. Restart attempted without success.,Access,3 - Moderate,Closed,End User Compute,2026-03-15 12:00:00,2026-03-18 06:48:00,2026-03-18 07:48:00,Resolved by caller,Password reset performed and user confirmed access restored.
INC100030,Printer issue for user 51,User reports printer problem. Error observed at login. Restart attempted without success.,Printer,3 - Moderate,Closed,Service Desk,2026-02-07 10:03:00,2026-02-08 15:53:00,2026-02-08 16:53:00,Resolved by caller,Password reset performed and user confirmed access restored.
INC100031,Hardware issue for user 99,User reports hardware problem. Error observed at login. Restart attempted without success.,Hardware,4 - Low,Closed,Network Ops,2026-03-14 20:55:00,2026-03-15 14:51:00,2026-03-15 15:51:00,User education,Password reset performed and user confirmed access restored.
INC100032,Access issue for user 227,User reports access problem. Error observed at login. Restart attempted without success.,Access,2 - High,Closed,Identity,2026-02-08 09:36:00,2026-02-08 08:52:00,2026-02-08 09:52:00,Resolved by IT,
INC100033,Access issue for user 475,User reports access problem. Error observed at login. Restart attempted without success.,Access,4 - Low,Closed,Network Ops,2026-02-19 04:55:00,2026-02-25 10:22:00,2026-02-25 11:22:00,Resolved by IT,Password reset performed and user confirmed access restored.
INC100034,Network issue for user 2,User reports network problem. Error observed at login. Restart attempted without success.,Network,2 - High,Closed,Database,2026-02-13 19:32:00,2026-02-14 00:13:00,2026-02-14 01:13:00,Resolved by caller,Password reset performed and user confirmed access restored.
INC100035,Network issue for user 357,User reports network problem. Error observed at login. Restart attempted without success.,Network,3 - Moderate,Closed,End User Compute,2026-03-13 11:08:00,2026-03-15 00:37:00,2026-03-15 01:37:00,User education,Password reset performed and user confirmed access restored.
INC100036,Email issue for user 377,User reports email problem. Error observed at login. Restart attempted without success.,Email,2 - High,Closed,Identity,2026-02-14 07:08:00,2026-02-14 10:17:00,2026-02-14 11:17:00,Resolved by IT,Password reset performed and user confirmed access restored.
INC100037,Network issue for user 258,User reports network problem. Error observed at login. Restart attempted without success.,Network,2 - High,Closed,Identity,2026-01-06 04:52:00,2026-01-06 18:31:00,2026-01-06 19:31:00,Resolved by IT,
INC100038,Printer issue for user 442,User reports printer problem. Error observed at login. Restart attempted without success.,Printer,2 - High,Closed,Network Ops,2026-02-16 05:22:00,2026-02-16 12:39:00,2026-02-16 13:39:00,Resolved by caller,
INC100039,Email issue for user 305,User reports email problem. Error observed at login. Restart attempted without success.,Email,3 - Moderate,Closed,Service Desk,2026-03-23 00:51:00,2026-03-25 10:11:00,2026-03-25 11:11:00,User education,
INC100040,Hardware issue for user 343,User reports hardware problem. Error observed at login. Restart attempted without success.,Hardware,3 - Moderate,Closed,End User Compute,2026-03-01 20:03:00,2026-03-01 09:16:00,2026-03-01 10:16:00,Resolved by caller,
INC100041,Printer issue for user 154,User reports printer problem. Error observed at login. Restart attempted without success.,Printer,2 - High,Closed,Database,2026-02-06 00:36:00,2026-02-06 05:08:00,2026-02-06 06:08:00,Resolved by caller,Password reset performed and user confirmed access restored.
INC100042,Access issue for user 38,User reports access problem. Error observed at login. Restart attempted without success.,Access,2 - High,Closed,Identity,2026-03-27 04:08:00,2026-03-26 22:37:00,2026-03-26 23:37:00,Resolved by IT,Password reset performed and user confirmed access restored.
INC100043,Access issue for user 451,User reports access problem. Error observed at login. Restart attempted without success.,Access,4 - Low,Closed,Network Ops,2026-01-13 01:21:00,2026-01-20 13:35:00,2026-01-20 14:35:00,Resolved by caller,
INC100044,Printer issue for user 271,User reports printer problem. Error observed at login. Restart attempted without success.,Printer,4 - Low,Closed,Service Desk,2026-02-09 21:13:00,2026-02-13 16:12:00,2026-02-13 17:12:00,User education,Password reset performed and user confirmed access restored.
INC100045,Access issue for user 481,User reports access problem. Error observed at login. Restart attempted without success.,Access,4 - Low,Closed,Network Ops,2026-01-28 06:00:00,2026-01-29 11:04:00,2026-01-29 12:04:00,Resolved by caller,
INC100046,Hardware issue for user 368,User reports hardware problem. Error observed at login. Restart attempted without success.,Hardware,3 - Moderate,Closed,Windows Platform,2026-01-10 17:49:00,2026-01-12 12:09:00,2026-01-12 13:09:00,Resolved by IT,Password reset performed and user confirmed access restored.
INC100047,Network issue for user 129,User reports network problem. Error observed at login. Restart attempted without success.,Network,3 - Moderate,Closed,Service Desk,2026-03-19 15:12:00,2026-03-21 13:44:00,2026-03-21 14:44:00,Resolved by IT,Password reset performed and user confirmed access restored.
INC100048,Printer issue for user 135,User reports printer problem. Error observed at login. Restart attempted without success.,Printer,3 - Moderate,Closed,Network Ops,2026-03-17 11:44:00,2026-03-20 06:17:00,2026-03-20 07:17:00,User education,Password reset performed and user confirmed access restored.
INC100049,Access issue for user 58,User reports access problem. Error observed at login. Restart attempted without success.,Access,3 - Moderate,Closed,Service Desk,2026-03-06 05:33:00,2026-03-07 15:53:00,2026-03-07 16:53:00,User education,Password reset performed and user confirmed access restored.
INC100050,Network issue for user 66,User reports network problem. Error observed at login. Restart attempted without success.,Network,1 - Critical,Closed,Service Desk,2026-02-19 15:51:00,2026-02-19 17:16:00,2026-02-19 18:16:00,Resolved by caller,Password reset performed and user confirmed access restored.
INC100051,Access issue for user 461,User reports access problem. Error observed at login. Restart attempted without success.,Access,4 - Low,Closed,Windows Platform,2026-03-26 22:21:00,2026-04-03 10:21:00,2026-04-03 11:21:00,Resolved by IT,Password reset performed and user confirmed access restored.
INC100052,Network issue for user 499,User reports network problem. Error observed at login. Restart attempted without success.,Network,2 - High,Closed,Identity,2026-03-02 16:56:00,2026-03-02 23:46:00,2026-03-03 00:46:00,User education,
INC100053,Hardware issue for user 500,User reports hardware problem. Error observed at login. Restart attempted without success.,Hardware,2 - High,Closed,Network Ops,2026-03-26 15:21:00,2026-03-26 14:26:00,2026-03-26 15:26:00,Resolved by caller,
INC100054,Printer issue for user 443,User reports printer problem. Error observed at login. Restart attempted without success.,Printer,4 - Low,Closed,End User Compute,2026-03-09 01:02:00,2026-03-14 12:37:00,2026-03-14 13:37:00,Resolved by IT,
INC100055,Network issue for user 447,User reports network problem. Error observed at login. Restart attempted without success.,Network,3 - Moderate,Closed,Service Desk,2026-03-13 16:02:00,2026-03-14 06:15:00,2026-03-14 07:15:00,Resolved by caller,
INC100056,Hardware issue for user 115,User reports hardware problem. Error observed at login. Restart attempted without success.,Hardware,4 - Low,Closed,Service Desk,2026-03-16 07:51:00,2026-03-18 04:27:00,2026-03-18 05:27:00,User education,
INC100057,Access issue for user 496,User reports access problem. Error observed at login. Restart attempted without success.,Access,3 - Moderate,Closed,Windows Platform,2026-01-30 21:05:00,2026-02-02 11:31:00,2026-02-02 12:31:00,Resolved by caller,Password reset performed and user confirmed access restored.
INC100058,Access issue for user 60,User reports access problem. Error observed at login. Restart attempted without success.,Access,3 - Moderate,Closed,Windows Platform,2026-02-06 09:06:00,2026-02-08 04:15:00,2026-02-08 05:15:00,Resolved by IT,Password reset performed and user confirmed access restored.
INC100059,Access issue for user 306,User reports access problem. Error observed at login. Restart attempted without success.,Access,3 - Moderate,Closed,Database,2026-03-31 12:35:00,2026-04-01 07:51:00,2026-04-01 08:51:00,Resolved by caller,Password reset performed and user confirmed access restored.
INC100060,Email issue for user 98,User reports email problem. Error observed at login. Restart attempted without success.,Email,3 - Moderate,Closed,Windows Platform,2026-01-29 13:14:00,2026-01-31 08:18:00,2026-01-31 09:18:00,Resolved by IT,Password reset performed and user confirmed access restored.
INC100061,Email issue for user 352,User reports email problem. Error observed at login. Restart attempted without success.,Email,3 - Moderate,Closed,End User Compute,2026-01-01 03:41:00,2026-01-02 12:20:00,2026-01-02 13:20:00,User education,Password reset performed and user confirmed access restored.
INC100062,Software issue for user 320,User reports software problem. Error observed at login. Restart attempted without success.,Software,3 - Moderate,Closed,Windows Platform,2026-01-18 22:25:00,2026-01-21 09:41:00,2026-01-21 10:41:00,User education,Password reset performed and user confirmed access restored.
INC100063,Email issue for user 159,User reports email problem. Error observed at login. Restart attempted without success.,Email,4 - Low,Closed,End User Compute,2026-03-07 12:19:00,2026-03-14 04:10:00,2026-03-14 05:10:00,Resolved by caller,Password reset performed and user confirmed access restored.
INC100064,Network issue for user 347,User reports network problem. Error observed at login. Restart attempted without success.,Network,3 - Moderate,Closed,End User Compute,2026-03-05 11:04:00,2026-03-07 10:38:00,2026-03-07 11:38:00,Resolved by IT,Password reset performed and user confirmed access restored.
INC100065,Access issue for user 156,User reports access problem. Error observed at login. Restart attempted without success.,Access,3 - Moderate,Closed,Windows Platform,2026-01-28 09:26:00,2026-01-30 09:24:00,2026-01-30 10:24:00,Resolved by IT,Password reset performed and user confirmed access restored.
INC100066,Printer issue for user 110,User reports printer problem. Error observed at login. Restart attempted without success.,Printer,3 - Moderate,Closed,Identity,2026-02-22 18:59:00,2026-02-23 19:29:00,2026-02-23 20:29:00,Resolved by caller,Password reset performed and user confirmed access restored.
INC100067,Hardware issue for user 338,User reports hardware problem. Error observed at login. Restart attempted without success.,Hardware,4 - Low,Closed,Service Desk,2026-03-29 08:47:00,2026-04-05 23:35:00,2026-04-06 00:35:00,Resolved by caller,Password reset performed and user confirmed access restored.
INC100068,Hardware issue for user 345,User reports hardware problem. Error observed at login. Restart attempted without success.,Hardware,3 - Moderate,Closed,Windows Platform,2026-02-27 14:40:00,2026-03-02 15:40:00,2026-03-02 16:40:00,Resolved by IT,Password reset performed and user confirmed access restored.
INC100069,Hardware issue for user 244,User reports hardware problem. Error observed at login. Restart attempted without success.,Hardware,1 - Critical,Closed,Identity,2026-01-14 09:53:00,2026-01-14 14:51:00,2026-01-14 15:51:00,Resolved by IT,Password reset performed and user confirmed access restored.
INC100070,Network issue for user 205,User reports network problem. Error observed at login. Restart attempted without success.,Network,3 - Moderate,Closed,Network Ops,2026-03-22 15:47:00,2026-03-24 11:31:00,2026-03-24 12:31:00,Resolved by IT,Password reset performed and user confirmed access restored.
INC100071,Access issue for user 399,User reports access problem. Error observed at login. Restart attempted without success.,Access,4 - Low,Closed,Database,2026-01-01 12:06:00,2026-01-10 11:11:00,2026-01-10 12:11:00,Resolved by IT,
INC100072,Access issue for user 234,User reports access problem. Error observed at login. Restart attempted without success.,Access,3 - Moderate,Closed,Network Ops,2026-03-29 04:42:00,2026-03-29 14:23:00,2026-03-29 15:23:00,Resolved by caller,Password reset performed and user confirmed access restored.
INC100073,Software issue for user 487,User reports software problem. Error observed at login. Restart attempted without success.,Software,3 - Moderate,Closed,Database,2026-03-31 22:05:00,2026-04-02 13:05:00,2026-04-02 14:05:00,User education,Password reset performed and user confirmed access restored.
INC100074,Hardware issue for user 381,User reports hardware problem. Error observed at login. Restart attempted without success.,Hardware,3 - Moderate,Closed,Database,2026-03-23 04:38:00,2026-03-25 01:57:00,2026-03-25 02:57:00,Resolved by caller,
INC100075,Software issue for user 393,User reports software problem. Error observed at login. Restart attempted without success.,Software,4 - Low,Closed,Identity,2026-01-23 12:06:00,2026-01-25 07:38:00,2026-01-25 08:38:00,Resolved by caller,Password reset performed and user confirmed access restored.
INC100076,Software issue for user 164,User reports software problem. Error observed at login. Restart attempted without success.,Software,3 - Moderate,Closed,Identity,2026-01-25 23:52:00,2026-01-27 06:16:00,2026-01-27 07:16:00,Resolved by IT,
INC100077,Hardware issue for user 362,User reports hardware problem. Error observed at login. Restart attempted without success.,Hardware,3 - Moderate,Closed,Network Ops,2026-01-22 01:11:00,2026-01-22 21:06:00,2026-01-22 22:06:00,Resolved by IT,Password reset performed and user confirmed access restored.
INC100078,Network issue for user 200,User reports network problem. Error observed at login. Restart attempted without success.,Network,3 - Moderate,Closed,Identity,2026-01-31 02:49:00,2026-02-01 01:08:00,2026-02-01 02:08:00,User education,
INC100079,Network issue for user 245,User reports network problem. Error observed at login. Restart attempted without success.,Network,4 - Low,Closed,Service Desk,2026-03-22 03:49:00,2026-03-28 00:30:00,2026-03-28 01:30:00,Resolved by caller,
INC100080,Printer issue for user 377,User reports printer problem. Error observed at login. Restart attempted without success.,Printer,4 - Low,Closed,Identity,2026-02-05 11:56:00,2026-02-13 04:35:00,2026-02-13 05:35:00,User education,Password reset performed and user confirmed access restored.
INC100081,Network issue for user 249,User reports network problem. Error observed at login. Restart attempted without success.,Network,2 - High,Closed,Service Desk,2026-02-14 10:33:00,2026-02-14 15:11:00,2026-02-14 16:11:00,Resolved by caller,Password reset performed and user confirmed access restored.
INC100082,Hardware issue for user 319,User reports hardware problem. Error observed at login. Restart attempted without success.,Hardware,4 - Low,Closed,Identity,2026-03-03 19:36:00,2026-03-07 20:24:00,2026-03-07 21:24:00,Resolved by IT,Password reset performed and user confirmed access restored.
INC100083,Access issue for user 43,User reports access problem. Error observed at login. Restart attempted without success.,Access,3 - Moderate,Closed,End User Compute,2026-02-23 21:00:00,2026-02-23 18:18:00,2026-02-23 19:18:00,Resolved by caller,
INC100084,Network issue for user 168,User reports network problem. Error observed at login. Restart attempted without success.,Network,2 - High,Closed,Windows Platform,2026-02-12 00:35:00,2026-02-12 06:00:00,2026-02-12 07:00:00,Resolved by caller,
INC100085,Software issue for user 428,User reports software problem. Error observed at login. Restart attempted without success.,Software,4 - Low,Closed,Service Desk,2026-03-28 13:56:00,2026-04-04 23:15:00,2026-04-05 00:15:00,Resolved by caller,
INC100086,Access issue for user 400,User reports access problem. Error observed at login. Restart attempted without success.,Access,2 - High,Closed,End User Compute,2026-02-19 02:22:00,2026-02-19 10:08:00,2026-02-19 11:08:00,Resolved by IT,Password reset performed and user confirmed access restored.
INC100087,Access issue for user 319,User reports access problem. Error observed at login. Restart attempted without success.,Access,2 - High,Closed,Network Ops,2026-03-28 10:27:00,2026-03-28 15:22:00,2026-03-28 16:22:00,Resolved by IT,
INC100088,Software issue for user 393,User reports software problem. Error observed at login. Restart attempted without success.,Software,2 - High,Closed,Windows Platform,2026-03-02 22:27:00,2026-03-03 07:26:00,2026-03-03 08:26:00,Resolved by IT,Password reset performed and user confirmed access restored.
INC100089,Access issue for user 399,User reports access problem. Error observed at login. Restart attempted without success.,Access,3 - Moderate,Closed,Network Ops,2026-03-29 17:18:00,2026-03-30 19:58:00,2026-03-30 20:58:00,Resolved by caller,
INC100090,Network issue for user 204,User reports network problem. Error observed at login. Restart attempted without success.,Network,4 - Low,Closed,End User Compute,2026-01-03 08:05:00,2026-01-02 19:13:00,2026-01-02 20:13:00,Resolved by IT,
INC100091,Hardware issue for user 53,User reports hardware problem. Error observed at login. Restart attempted without success.,Hardware,4 - Low,Closed,End User Compute,2026-03-04 20:40:00,2026-03-06 22:57:00,2026-03-06 23:57:00,Resolved by caller,Password reset performed and user confirmed access restored.
INC100092,Access issue for user 178,User reports access problem. Error observed at login. Restart attempted without success.,Access,4 - Low,Closed,Identity,2026-02-24 15:37:00,2026-03-02 14:04:00,2026-03-02 15:04:00,Resolved by caller,Password reset performed and user confirmed access restored.
INC100093,Software issue for user 7,User reports software problem. Error observed at login. Restart attempted without success.,Software,3 - Moderate,Closed,Database,2026-01-07 06:38:00,2026-01-07 16:28:00,2026-01-07 17:28:00,Resolved by caller,
INC100094,Hardware issue for user 223,User reports hardware problem. Error observed at login. Restart attempted without success.,Hardware,3 - Moderate,Closed,Network Ops,2026-03-29 10:52:00,2026-03-31 13:01:00,2026-03-31 14:01:00,User education,Password reset performed and user confirmed access restored.
INC100095,Email issue for user 397,User reports email problem. Error observed at login. Restart attempted without success.,Email,3 - Moderate,Closed,Database,2026-03-01 04:56:00,2026-03-02 01:06:00,2026-03-02 02:06:00,Resolved by caller,Password reset performed and user confirmed access restored.
INC100096,Access issue for user 143,User reports access problem. Error observed at login. Restart attempted without success.,Access,3 - Moderate,Closed,Database,2026-03-08 12:57:00,2026-03-09 16:13:00,2026-03-09 17:13:00,Resolved by IT,Password reset performed and user confirmed access restored.
INC100097,Network issue for user 173,User reports network problem. Error observed at login. Restart attempted without success.,Network,3 - Moderate,Closed,Service Desk,2026-02-21 20:51:00,2026-02-23 19:23:00,2026-02-23 20:23:00,Resolved by caller,Password reset performed and user confirmed access restored.
INC100098,Software issue for user 451,User reports software problem. Error observed at login. Restart attempted without success.,Software,3 - Moderate,Closed,Identity,2026-01-17 13:14:00,2026-01-18 13:44:00,2026-01-18 14:44:00,User education,Password reset performed and user confirmed access restored.
INC100099,Hardware issue for user 44,User reports hardware problem. Error observed at login. Restart attempted without success.,Hardware,1 - Critical,Closed,Network Ops,2026-02-20 14:08:00,2026-02-20 17:54:00,2026-02-20 18:54:00,User education,Password reset performed and user confirmed access restored.
INC100100,Network issue for user 230,User reports network problem. Error observed at login. Restart attempted without success.,Network,4 - Low,Closed,Service Desk,2026-02-20 12:48:00,2026-02-23 23:05:00,2026-02-24 00:05:00,Resolved by IT,
INC100101,Software issue for user 340,User reports software problem. Error observed at login. Restart attempted without success.,Software,3 - Moderate,Closed,Identity,2026-02-06 19:25:00,2026-02-07 03:15:00,2026-02-07 04:15:00,Resolved by caller,Password reset performed and user confirmed access restored.
INC100102,Software issue for user 360,User reports software problem. Error observed at login. Restart attempted without success.,Software,3 - Moderate,Closed,Database,2026-02-18 07:48:00,2026-02-20 17:40:00,2026-02-20 18:40:00,Resolved by caller,Password reset performed and user confirmed access restored.
INC100103,Hardware issue for user 162,User reports hardware problem. Error observed at login. Restart attempted without success.,Hardware,2 - High,Closed,Service Desk,2026-01-21 23:37:00,2026-01-22 05:07:00,2026-01-22 06:07:00,User education,Password reset performed and user confirmed access restored.
INC100104,Software issue for user 371,User reports software problem. Error observed at login. Restart attempted without success.,Software,3 - Moderate,Closed,Identity,2026-03-11 09:01:00,2026-03-13 05:54:00,2026-03-13 06:54:00,User education,Password reset performed and user confirmed access restored.
INC100105,Hardware issue for user 152,User reports hardware problem. Error observed at login. Restart attempted without success.,Hardware,2 - High,Closed,Network Ops,2026-03-31 05:57:00,2026-03-31 16:26:00,2026-03-31 17:26:00,Resolved by caller,
INC100106,Access issue for user 284,User reports access problem. Error observed at login. Restart attempted without success.,Access,3 - Moderate,Closed,Windows Platform,2026-01-02 06:54:00,2026-01-03 20:36:00,2026-01-03 21:36:00,User education,Password reset performed and user confirmed access restored.
INC100107,Network issue for user 53,User reports network problem. Error observed at login. Restart attempted without success.,Network,4 - Low,Closed,Service Desk,2026-02-28 01:26:00,2026-03-05 13:40:00,2026-03-05 14:40:00,User education,
INC100108,Network issue for user 59,User reports network problem. Error observed at login. Restart attempted without success.,Network,3 - Moderate,Closed,Service Desk,2026-02-13 13:46:00,2026-02-15 01:51:00,2026-02-15 02:51:00,Resolved by caller,Password reset performed and user confirmed access restored.
INC100109,Access issue for user 78,User reports access problem. Error observed at login. Restart attempted without success.,Access,3 - Moderate,Closed,Network Ops,2026-02-22 12:31:00,2026-02-24 03:49:00,2026-02-24 04:49:00,User education,Password reset performed and user confirmed access restored.
INC100110,Email issue for user 306,User reports email problem. Error observed at login. Restart attempted without success.,Email,4 - Low,Closed,Identity,2026-01-08 18:04:00,2026-01-17 03:43:00,2026-01-17 04:43:00,Resolved by IT,Password reset performed and user confirmed access restored.
INC100111,Network issue for user 153,User reports network problem. Error observed at login. Restart attempted without success.,Network,3 - Moderate,Closed,Identity,2026-02-04 14:56:00,2026-02-06 22:39:00,2026-02-06 23:39:00,Resolved by caller,Password reset performed and user confirmed access restored.
INC100112,Hardware issue for user 321,User reports hardware problem. Error observed at login. Restart attempted without success.,Hardware,2 - High,Closed,Network Ops,2026-02-26 12:39:00,2026-02-26 19:40:00,2026-02-26 20:40:00,Resolved by caller,Password reset performed and user confirmed access restored.
INC100113,Email issue for user 39,User reports email problem. Error observed at login. Restart attempted without success.,Email,2 - High,Closed,Network Ops,2026-01-15 07:05:00,2026-01-15 12:19:00,2026-01-15 13:19:00,Resolved by IT,Password reset performed and user confirmed access restored.
INC100114,Printer issue for user 145,User reports printer problem. Error observed at login. Restart attempted without success.,Printer,3 - Moderate,Closed,End User Compute,2026-03-04 17:57:00,2026-03-05 23:58:00,2026-03-06 00:58:00,Resolved by caller,
INC100115,Printer issue for user 302,User reports printer problem. Error observed at login. Restart attempted without success.,Printer,4 - Low,Closed,End User Compute,2026-01-22 05:55:00,2026-01-29 02:39:00,2026-01-29 03:39:00,Resolved by IT,Password reset performed and user confirmed access restored.
INC100116,Hardware issue for user 37,User reports hardware problem. Error observed at login. Restart attempted without success.,Hardware,2 - High,Closed,Service Desk,2026-02-19 13:36:00,2026-02-19 20:41:00,2026-02-19 21:41:00,Resolved by IT,Password reset performed and user confirmed access restored.
INC100117,Email issue for user 472,User reports email problem. Error observed at login. Restart attempted without success.,Email,3 - Moderate,Closed,Windows Platform,2026-02-24 03:53:00,2026-02-26 01:37:00,2026-02-26 02:37:00,Resolved by caller,
INC100118,Email issue for user 253,User reports email problem. Error observed at login. Restart attempted without success.,Email,3 - Moderate,Closed,Database,2026-03-04 16:26:00,2026-03-05 13:30:00,2026-03-05 14:30:00,Resolved by IT,Password reset performed and user confirmed access restored.
INC100119,Software issue for user 310,User reports software problem. Error observed at login. Restart attempted without success.,Software,3 - Moderate,Closed,Windows Platform,2026-03-22 22:58:00,2026-03-24 17:22:00,2026-03-24 18:22:00,Resolved by IT,
INC100120,Access issue for user 392,User reports access problem. Error observed at login. Restart attempted without success.,Access,3 - Moderate,Closed,End User Compute,2026-03-29 13:19:00,2026-03-31 15:15:00,2026-03-31 16:15:00,Resolved by caller,Password reset performed and user confirmed access restored.
INC100121,Network issue for user 266,User reports network problem. Error observed at login. Restart attempted without success.,Network,4 - Low,Closed,End User Compute,2026-03-11 11:02:00,2026-03-13 11:56:00,2026-03-13 12:56:00,Resolved by caller,Password reset performed and user confirmed access restored.
INC100122,Access issue for user 241,User reports access problem. Error observed at login. Restart attempted without success.,Access,4 - Low,Closed,Windows Platform,2026-01-17 12:28:00,2026-01-17 16:38:00,2026-01-17 17:38:00,Resolved by caller,Password reset performed and user confirmed access restored.
INC100123,Hardware issue for user 169,User reports hardware problem. Error observed at login. Restart attempted without success.,Hardware,2 - High,Closed,Database,2026-03-02 23:55:00,2026-03-03 07:49:00,2026-03-03 08:49:00,User education,Password reset performed and user confirmed access restored.
INC100124,Network issue for user 46,User reports network problem. Error observed at login. Restart attempted without success.,Network,4 - Low,Closed,Windows Platform,2026-03-02 07:26:00,2026-03-08 14:03:00,2026-03-08 15:03:00,Resolved by caller,Password reset performed and user confirmed access restored.
INC100125,Email issue for user 423,User reports email problem. Error observed at login. Restart attempted without success.,Email,4 - Low,Closed,Service Desk,2026-03-30 07:24:00,2026-03-31 22:45:00,2026-03-31 23:45:00,User education,Password reset performed and user confirmed access restored.
INC100126,Network issue for user 321,User reports network problem. Error observed at login. Restart attempted without success.,Network,3 - Moderate,Closed,Database,2026-02-12 01:12:00,2026-02-13 17:45:00,2026-02-13 18:45:00,Resolved by IT,
INC100127,Software issue for user 225,User reports software problem. Error observed at login. Restart attempted without success.,Software,2 - High,Closed,End User Compute,2026-02-19 23:47:00,2026-02-20 08:11:00,2026-02-20 09:11:00,Resolved by caller,
INC100128,Software issue for user 283,User reports software problem. Error observed at login. Restart attempted without success.,Software,3 - Moderate,Closed,Service Desk,2026-03-30 13:52:00,2026-04-01 08:40:00,2026-04-01 09:40:00,User education,Password reset performed and user confirmed access restored.
INC100129,Access issue for user 237,User reports access problem. Error observed at login. Restart attempted without success.,Access,4 - Low,Closed,Service Desk,2026-01-21 10:51:00,2026-01-22 03:46:00,2026-01-22 04:46:00,User education,Password reset performed and user confirmed access restored.
INC100130,Network issue for user 428,User reports network problem. Error observed at login. Restart attempted without success.,Network,4 - Low,Closed,Database,2026-02-15 08:43:00,2026-02-19 03:00:00,2026-02-19 04:00:00,Resolved by caller,
INC100131,Hardware issue for user 472,User reports hardware problem. Error observed at login. Restart attempted without success.,Hardware,2 - High,Closed,Identity,2026-02-20 04:15:00,2026-02-20 14:40:00,2026-02-20 15:40:00,User education,Password reset performed and user confirmed access restored.
INC100132,Network issue for user 175,User reports network problem. Error observed at login. Restart attempted without success.,Network,4 - Low,Closed,Identity,2026-01-13 10:12:00,2026-01-17 12:18:00,2026-01-17 13:18:00,Resolved by caller,Password reset performed and user confirmed access restored.
INC100133,Email issue for user 297,User reports email problem. Error observed at login. Restart attempted without success.,Email,3 - Moderate,Closed,End User Compute,2026-01-26 17:52:00,2026-01-29 12:55:00,2026-01-29 13:55:00,Resolved by caller,Password reset performed and user confirmed access restored.
INC100134,Email issue for user 194,User reports email problem. Error observed at login. Restart attempted without success.,Email,3 - Moderate,Closed,Database,2026-02-10 15:29:00,2026-02-11 11:23:00,2026-02-11 12:23:00,Resolved by caller,Password reset performed and user confirmed access restored.
INC100135,Email issue for user 197,User reports email problem. Error observed at login. Restart attempted without success.,Email,3 - Moderate,Closed,Network Ops,2026-03-31 06:32:00,2026-04-02 12:14:00,2026-04-02 13:14:00,Resolved by caller,
INC100136,Printer issue for user 406,User reports printer problem. Error observed at login. Restart attempted without success.,Printer,3 - Moderate,Closed,End User Compute,2026-03-09 18:49:00,2026-03-11 20:30:00,2026-03-11 21:30:00,Resolved by IT,Password reset performed and user confirmed access restored.
INC100137,Email issue for user 170,User reports email problem. Error observed at login. Restart attempted without success.,Email,2 - High,Closed,Service Desk,2026-01-04 08:52:00,2026-01-04 12:50:00,2026-01-04 13:50:00,Resolved by caller,
INC100138,Printer issue for user 497,User reports printer problem. Error observed at login. Restart attempted without success.,Printer,3 - Moderate,Closed,Network Ops,2026-03-24 20:53:00,2026-03-26 03:05:00,2026-03-26 04:05:00,Resolved by IT,Password reset performed and user confirmed access restored.
INC100139,Email issue for user 355,User reports email problem. Error observed at login. Restart attempted without success.,Email,3 - Moderate,Closed,Database,2026-03-30 05:15:00,2026-03-30 19:25:00,2026-03-30 20:25:00,User education,
INC100140,Software issue for user 321,User reports software problem. Error observed at login. Restart attempted without success.,Software,4 - Low,Closed,End User Compute,2026-01-30 21:45:00,2026-02-06 13:01:00,2026-02-06 14:01:00,Resolved by caller,Password reset performed and user confirmed access restored.
INC100141,Hardware issue for user 324,User reports hardware problem. Error observed at login. Restart attempted without success.,Hardware,3 - Moderate,Closed,End User Compute,2026-01-04 06:25:00,2026-01-05 01:30:00,2026-01-05 02:30:00,Resolved by caller,Password reset performed and user confirmed access restored.
INC100142,Printer issue for user 447,User reports printer problem. Error observed at login. Restart attempted without success.,Printer,2 - High,Closed,Service Desk,2026-03-09 23:20:00,2026-03-10 10:17:00,2026-03-10 11:17:00,Resolved by caller,
INC100143,Access issue for user 167,User reports access problem. Error observed at login. Restart attempted without success.,Access,4 - Low,Closed,Service Desk,2026-01-28 06:11:00,2026-02-01 12:22:00,2026-02-01 13:22:00,Resolved by caller,Password reset performed and user confirmed access restored.
INC100144,Hardware issue for user 88,User reports hardware problem. Error observed at login. Restart attempted without success.,Hardware,2 - High,Closed,Network Ops,2026-02-09 04:50:00,2026-02-09 06:22:00,2026-02-09 07:22:00,Resolved by IT,Password reset performed and user confirmed access restored.
INC100145,Hardware issue for user 255,User reports hardware problem. Error observed at login. Restart attempted without success.,Hardware,3 - Moderate,Closed,Identity,2026-02-04 19:40:00,2026-02-06 00:26:00,2026-02-06 01:26:00,Resolved by IT,
INC100146,Network issue for user 462,User reports network problem. Error observed at login. Restart attempted without success.,Network,3 - Moderate,Closed,Windows Platform,2026-02-28 01:31:00,2026-03-01 11:01:00,2026-03-01 12:01:00,User education,Password reset performed and user confirmed access restored.
INC100147,Software issue for user 301,User reports software problem. Error observed at login. Restart attempted without success.,Software,3 - Moderate,Closed,Windows Platform,2026-01-07 17:21:00,2026-01-09 05:35:00,2026-01-09 06:35:00,User education,Password reset performed and user confirmed access restored.
INC100148,Network issue for user 437,User reports network problem. Error observed at login. Restart attempted without success.,Network,3 - Moderate,Closed,Database,2026-03-04 20:00:00,2026-03-06 12:48:00,2026-03-06 13:48:00,Resolved by IT,
INC100149,Software issue for user 359,User reports software problem. Error observed at login. Restart attempted without success.,Software,3 - Moderate,Closed,Windows Platform,2026-02-22 01:23:00,2026-02-23 00:24:00,2026-02-23 01:24:00,Resolved by IT,Password reset performed and user confirmed access restored.
INC100150,Printer issue for user 499,User reports printer problem. Error observed at login. Restart attempted without success.,Printer,3 - Moderate,Closed,Service Desk,2026-03-01 21:55:00,2026-03-04 21:53:00,2026-03-04 22:53:00,User education,Password reset performed and user confirmed access restored.
INC100151,Software issue for user 398,User reports software problem. Error observed at login. Restart attempted without success.,Software,4 - Low,Closed,Network Ops,2026-03-17 19:21:00,2026-03-22 23:47:00,2026-03-23 00:47:00,User education,Password reset performed and user confirmed access restored.
INC100152,Printer issue for user 393,User reports printer problem. Error observed at login. Restart attempted without success.,Printer,3 - Moderate,Closed,End User Compute,2026-01-20 22:25:00,2026-01-21 11:03:00,2026-01-21 12:03:00,User education,Password reset performed and user confirmed access restored.
INC100153,Printer issue for user 331,User reports printer problem. Error observed at login. Restart attempted without success.,Printer,2 - High,Closed,Service Desk,2026-02-27 04:25:00,2026-02-27 06:42:00,2026-02-27 07:42:00,Resolved by caller,Password reset performed and user confirmed access restored.
INC100154,Software issue for user 168,User reports software problem. Error observed at login. Restart attempted without success.,Software,3 - Moderate,Closed,End User Compute,2026-01-04 00:53:00,2026-01-05 09:33:00,2026-01-05 10:33:00,Resolved by caller,
INC100155,Software issue for user 272,User reports software problem. Error observed at login. Restart attempted without success.,Software,4 - Low,Closed,Identity,2026-01-13 00:42:00,2026-01-16 17:16:00,2026-01-16 18:16:00,Resolved by caller,Password reset performed and user confirmed access restored.
INC100156,Software issue for user 383,User reports software problem. Error observed at login. Restart attempted without success.,Software,4 - Low,Closed,Windows Platform,2026-01-24 09:21:00,2026-02-05 04:04:00,2026-02-05 05:04:00,Resolved by IT,Password reset performed and user confirmed access restored.
INC100157,Hardware issue for user 441,User reports hardware problem. Error observed at login. Restart attempted without success.,Hardware,2 - High,Closed,End User Compute,2026-01-07 20:29:00,2026-01-07 23:12:00,2026-01-08 00:12:00,User education,Password reset performed and user confirmed access restored.
INC100158,Network issue for user 8,User reports network problem. Error observed at login. Restart attempted without success.,Network,4 - Low,Closed,Windows Platform,2026-02-06 04:09:00,2026-02-11 23:19:00,2026-02-12 00:19:00,User education,
INC100159,Printer issue for user 135,User reports printer problem. Error observed at login. Restart attempted without success.,Printer,3 - Moderate,Closed,Identity,2026-02-03 13:11:00,2026-02-04 05:31:00,2026-02-04 06:31:00,Resolved by caller,Password reset performed and user confirmed access restored.
INC100160,Email issue for user 453,User reports email problem. Error observed at login. Restart attempted without success.,Email,3 - Moderate,Closed,Identity,2026-03-27 14:05:00,2026-03-28 13:49:00,2026-03-28 14:49:00,Resolved by caller,Password reset performed and user confirmed access restored.
INC100161,Printer issue for user 422,User reports printer problem. Error observed at login. Restart attempted without success.,Printer,3 - Moderate,Closed,Database,2026-01-21 03:35:00,2026-01-21 17:52:00,2026-01-21 18:52:00,User education,Password reset performed and user confirmed access restored.
INC100162,Network issue for user 60,User reports network problem. Error observed at login. Restart attempted without success.,Network,2 - High,Closed,Service Desk,2026-02-07 03:56:00,2026-02-07 10:22:00,2026-02-07 11:22:00,Resolved by IT,Password reset performed and user confirmed access restored.
INC100163,Software issue for user 344,User reports software problem. Error observed at login. Restart attempted without success.,Software,3 - Moderate,Closed,End User Compute,2026-01-13 08:21:00,2026-01-14 19:26:00,2026-01-14 20:26:00,User education,Password reset performed and user confirmed access restored.
INC100164,Printer issue for user 51,User reports printer problem. Error observed at login. Restart attempted without success.,Printer,3 - Moderate,Closed,Database,2026-02-08 03:35:00,2026-02-09 07:19:00,2026-02-09 08:19:00,User education,Password reset performed and user confirmed access restored.
INC100165,Printer issue for user 190,User reports printer problem. Error observed at login. Restart attempted without success.,Printer,3 - Moderate,Closed,Network Ops,2026-03-28 14:37:00,2026-03-28 08:41:00,2026-03-28 09:41:00,Resolved by caller,Password reset performed and user confirmed access restored.
INC100166,Email issue for user 462,User reports email problem. Error observed at login. Restart attempted without success.,Email,4 - Low,Closed,End User Compute,2026-01-22 11:47:00,2026-01-30 20:20:00,2026-01-30 21:20:00,Resolved by caller,
INC100167,Access issue for user 486,User reports access problem. Error observed at login. Restart attempted without success.,Access,2 - High,Closed,Database,2026-01-26 02:40:00,2026-01-26 11:06:00,2026-01-26 12:06:00,Resolved by IT,Password reset performed and user confirmed access restored.
INC100168,Software issue for user 125,User reports software problem. Error observed at login. Restart attempted without success.,Software,3 - Moderate,Closed,Network Ops,2026-02-28 09:49:00,2026-03-02 01:30:00,2026-03-02 02:30:00,User education,
INC100169,Hardware issue for user 301,User reports hardware problem. Error observed at login. Restart attempted without success.,Hardware,4 - Low,Closed,Network Ops,2026-03-17 12:45:00,2026-03-22 06:26:00,2026-03-22 07:26:00,Resolved by IT,Password reset performed and user confirmed access restored.
INC100170,Hardware issue for user 67,User reports hardware problem. Error observed at login. Restart attempted without success.,Hardware,4 - Low,Closed,Identity,2026-01-14 10:20:00,2026-01-17 11:19:00,2026-01-17 12:19:00,Resolved by caller,Password reset performed and user confirmed access restored.
INC100171,Access issue for user 68,User reports access problem. Error observed at login. Restart attempted without success.,Access,3 - Moderate,Closed,Service Desk,2026-01-11 00:08:00,2026-01-12 00:57:00,2026-01-12 01:57:00,Resolved by caller,Password reset performed and user confirmed access restored.
INC100172,Hardware issue for user 380,User reports hardware problem. Error observed at login. Restart attempted without success.,Hardware,3 - Moderate,Closed,Database,2026-01-22 15:46:00,2026-01-24 16:22:00,2026-01-24 17:22:00,User education,
INC100173,Software issue for user 263,User reports software problem. Error observed at login. Restart attempted without success.,Software,3 - Moderate,Closed,Identity,2026-01-06 18:50:00,2026-01-08 05:55:00,2026-01-08 06:55:00,Resolved by IT,Password reset performed and user confirmed access restored.
INC100174,Printer issue for user 267,User reports printer problem. Error observed at login. Restart attempted without success.,Printer,4 - Low,Closed,Windows Platform,2026-01-21 03:58:00,2026-01-30 18:44:00,2026-01-30 19:44:00,Resolved by caller,Password reset performed and user confirmed access restored.
INC100175,Network issue for user 434,User reports network problem. Error observed at login. Restart attempted without success.,Network,2 - High,Closed,Database,2026-01-03 20:02:00,2026-01-04 03:08:00,2026-01-04 04:08:00,Resolved by caller,Password reset performed and user confirmed access restored.
INC100176,Software issue for user 312,User reports software problem. Error observed at login. Restart attempted without success.,Software,3 - Moderate,Closed,Network Ops,2026-02-14 15:00:00,2026-02-14 10:02:00,2026-02-14 11:02:00,Resolved by IT,
INC100177,Email issue for user 365,User reports email problem. Error observed at login. Restart attempted without success.,Email,3 - Moderate,Closed,Windows Platform,2026-02-26 19:50:00,2026-02-28 19:43:00,2026-02-28 20:43:00,Resolved by caller,Password reset performed and user confirmed access restored.
INC100178,Printer issue for user 59,User reports printer problem. Error observed at login. Restart attempted without success.,Printer,3 - Moderate,Closed,End User Compute,2026-02-18 07:01:00,2026-02-18 20:15:00,2026-02-18 21:15:00,User education,Password reset performed and user confirmed access restored.
INC100179,Hardware issue for user 221,User reports hardware problem. Error observed at login. Restart attempted without success.,Hardware,3 - Moderate,Closed,Database,2026-02-20 04:24:00,2026-02-21 13:17:00,2026-02-21 14:17:00,Resolved by IT,Password reset performed and user confirmed access restored.
INC100180,Network issue for user 161,User reports network problem. Error observed at login. Restart attempted without success.,Network,3 - Moderate,Closed,End User Compute,2026-03-17 07:31:00,2026-03-18 09:42:00,2026-03-18 10:42:00,Resolved by caller,Password reset performed and user confirmed access restored.
INC100181,Network issue for user 35,User reports network problem. Error observed at login. Restart attempted without success.,Network,3 - Moderate,Closed,Service Desk,2026-01-14 21:26:00,2026-01-16 11:21:00,2026-01-16 12:21:00,Resolved by IT,
INC100182,Access issue for user 301,User reports access problem. Error observed at login. Restart attempted without success.,Access,3 - Moderate,Closed,Identity,2026-01-09 18:56:00,2026-01-10 21:28:00,2026-01-10 22:28:00,User education,Password reset performed and user confirmed access restored.
INC100183,Printer issue for user 482,User reports printer problem. Error observed at login. Restart attempted without success.,Printer,3 - Moderate,Closed,Database,2026-01-12 03:01:00,2026-01-13 19:53:00,2026-01-13 20:53:00,User education,
INC100184,Hardware issue for user 80,User reports hardware problem. Error observed at login. Restart attempted without success.,Hardware,3 - Moderate,Closed,End User Compute,2026-01-27 04:20:00,2026-01-27 22:54:00,2026-01-27 23:54:00,Resolved by caller,
INC100185,Email issue for user 189,User reports email problem. Error observed at login. Restart attempted without success.,Email,3 - Moderate,Closed,Service Desk,2026-01-10 20:24:00,2026-01-13 02:14:00,2026-01-13 03:14:00,Resolved by caller,Password reset performed and user confirmed access restored.
INC100186,Email issue for user 315,User reports email problem. Error observed at login. Restart attempted without success.,Email,3 - Moderate,Closed,End User Compute,2026-03-15 11:24:00,2026-03-15 14:35:00,2026-03-15 15:35:00,User education,Password reset performed and user confirmed access restored.
INC100187,Printer issue for user 137,User reports printer problem. Error observed at login. Restart attempted without success.,Printer,4 - Low,Closed,Service Desk,2026-02-25 10:22:00,2026-02-28 13:04:00,2026-02-28 14:04:00,Resolved by IT,
INC100188,Hardware issue for user 290,User reports hardware problem. Error observed at login. Restart attempted without success.,Hardware,3 - Moderate,Closed,End User Compute,2026-03-11 09:30:00,2026-03-12 17:57:00,2026-03-12 18:57:00,Resolved by caller,
INC100189,Access issue for user 47,User reports access problem. Error observed at login. Restart attempted without success.,Access,3 - Moderate,Closed,End User Compute,2026-03-09 10:40:00,2026-03-10 22:03:00,2026-03-10 23:03:00,User education,
INC100190,Software issue for user 398,User reports software problem. Error observed at login. Restart attempted without success.,Software,3 - Moderate,Closed,Identity,2026-02-08 05:08:00,2026-02-09 23:51:00,2026-02-10 00:51:00,User education,
INC100191,Email issue for user 26,User reports email problem. Error observed at login. Restart attempted without success.,Email,2 - High,Closed,End User Compute,2026-01-05 18:55:00,2026-01-06 02:49:00,2026-01-06 03:49:00,Resolved by IT,
INC100192,Hardware issue for user 387,User reports hardware problem. Error observed at login. Restart attempted without success.,Hardware,3 - Moderate,Closed,Identity,2026-03-02 06:01:00,2026-03-03 00:05:00,2026-03-03 01:05:00,Resolved by IT,Password reset performed and user confirmed access restored.
INC100193,Printer issue for user 304,User reports printer problem. Error observed at login. Restart attempted without success.,Printer,3 - Moderate,Closed,Database,2026-01-11 02:14:00,2026-01-11 23:27:00,2026-01-12 00:27:00,User education,Password reset performed and user confirmed access restored.
INC100194,Hardware issue for user 155,User reports hardware problem. Error observed at login. Restart attempted without success.,Hardware,2 - High,Closed,Network Ops,2026-01-05 03:12:00,2026-01-05 09:52:00,2026-01-05 10:52:00,Resolved by IT,Password reset performed and user confirmed access restored.
INC100195,Access issue for user 255,User reports access problem. Error observed at login. Restart attempted without success.,Access,3 - Moderate,Closed,End User Compute,2026-01-27 08:18:00,2026-01-28 17:16:00,2026-01-28 18:16:00,Resolved by caller,
INC100196,Printer issue for user 413,User reports printer problem. Error observed at login. Restart attempted without success.,Printer,3 - Moderate,Closed,Windows Platform,2026-02-04 14:34:00,2026-02-06 03:13:00,2026-02-06 04:13:00,Resolved by IT,Password reset performed and user confirmed access restored.
INC100197,Access issue for user 236,User reports access problem. Error observed at login. Restart attempted without success.,Access,1 - Critical,Closed,Service Desk,2026-03-09 13:00:00,2026-03-09 17:49:00,2026-03-09 18:49:00,Resolved by caller,Password reset performed and user confirmed access restored.
INC100198,Network issue for user 11,User reports network problem. Error observed at login. Restart attempted without success.,Network,3 - Moderate,Closed,Windows Platform,2026-02-22 04:36:00,2026-02-23 04:05:00,2026-02-23 05:05:00,Resolved by IT,Password reset performed and user confirmed access restored.
INC100199,Printer issue for user 471,User reports printer problem. Error observed at login. Restart attempted without success.,Printer,3 - Moderate,Closed,Windows Platform,2026-02-26 06:18:00,2026-02-27 03:39:00,2026-02-27 04:39:00,Resolved by IT,Password reset performed and user confirmed access restored.
INC100200,Network issue for user 446,User reports network problem. Error observed at login. Restart attempted without success.,Network,2 - High,Closed,Windows Platform,2026-01-10 15:15:00,2026-01-10 17:32:00,2026-01-10 18:32:00,User education,Password reset performed and user confirmed access restored.
INC100201,Access issue for user 262,User reports access problem. Error observed at login. Restart attempted without success.,Access,4 - Low,Closed,End User Compute,2026-01-31 07:35:00,2026-02-03 09:48:00,2026-02-03 10:48:00,Resolved by IT,Password reset performed and user confirmed access restored.
INC100202,Printer issue for user 418,User reports printer problem. Error observed at login. Restart attempted without success.,Printer,4 - Low,Closed,Network Ops,2026-01-18 15:35:00,2026-01-20 21:50:00,2026-01-20 22:50:00,Resolved by IT,
INC100203,Email issue for user 79,User reports email problem. Error observed at login. Restart attempted without success.,Email,2 - High,Closed,End User Compute,2026-01-24 07:10:00,2026-01-24 16:57:00,2026-01-24 17:57:00,Resolved by IT,
INC100204,Email issue for user 230,User reports email problem. Error observed at login. Restart attempted without success.,Email,3 - Moderate,Closed,End User Compute,2026-03-12 08:18:00,2026-03-12 17:48:00,2026-03-12 18:48:00,User education,Password reset performed and user confirmed access restored.
INC100205,Printer issue for user 162,User reports printer problem. Error observed at login. Restart attempted without success.,Printer,3 - Moderate,Closed,Network Ops,2026-03-31 19:06:00,2026-04-02 10:15:00,2026-04-02 11:15:00,Resolved by caller,
INC100206,Software issue for user 260,User reports software problem. Error observed at login. Restart attempted without success.,Software,3 - Moderate,Closed,Service Desk,2026-02-10 06:01:00,2026-02-11 22:59:00,2026-02-11 23:59:00,Resolved by caller,Password reset performed and user confirmed access restored.
INC100207,Software issue for user 40,User reports software problem. Error observed at login. Restart attempted without success.,Software,2 - High,Closed,End User Compute,2026-01-04 10:09:00,2026-01-04 11:38:00,2026-01-04 12:38:00,Resolved by IT,Password reset performed and user confirmed access restored.
INC100208,Printer issue for user 459,User reports printer problem. Error observed at login. Restart attempted without success.,Printer,3 - Moderate,Closed,Service Desk,2026-02-16 03:42:00,2026-02-15 19:34:00,2026-02-15 20:34:00,Resolved by caller,Password reset performed and user confirmed access restored.
INC100209,Software issue for user 310,User reports software problem. Error observed at login. Restart attempted without success.,Software,3 - Moderate,Closed,Database,2026-02-22 00:48:00,2026-02-22 11:20:00,2026-02-22 12:20:00,User education,
INC100210,Printer issue for user 44,User reports printer problem. Error observed at login. Restart attempted without success.,Printer,3 - Moderate,Closed,Identity,2026-01-06 15:09:00,2026-01-08 14:25:00,2026-01-08 15:25:00,User education,
INC100211,Network issue for user 269,User reports network problem. Error observed at login. Restart attempted without success.,Network,3 - Moderate,Closed,Identity,2026-01-23 13:12:00,2026-01-23 12:52:00,2026-01-23 13:52:00,User education,
INC100212,Printer issue for user 307,User reports printer problem. Error observed at login. Restart attempted without success.,Printer,4 - Low,Closed,Service Desk,2026-02-03 22:30:00,2026-02-05 03:56:00,2026-02-05 04:56:00,User education,Password reset performed and user confirmed access restored.
INC100213,Email issue for user 348,User reports email problem. Error observed at login. Restart attempted without success.,Email,3 - Moderate,Closed,Database,2026-01-06 23:59:00,2026-01-09 07:07:00,2026-01-09 08:07:00,Resolved by caller,
INC100214,Software issue for user 42,User reports software problem. Error observed at login. Restart attempted without success.,Software,3 - Moderate,Closed,Identity,2026-03-19 12:16:00,2026-03-22 06:19:00,2026-03-22 07:19:00,User education,
INC100215,Printer issue for user 358,User reports printer problem. Error observed at login. Restart attempted without success.,Printer,3 - Moderate,Closed,End User Compute,2026-02-01 20:11:00,2026-02-02 08:07:00,2026-02-02 09:07:00,Resolved by caller,
INC100216,Software issue for user 417,User reports software problem. Error observed at login. Restart attempted without success.,Software,4 - Low,Closed,Network Ops,2026-03-06 12:28:00,2026-03-10 10:10:00,2026-03-10 11:10:00,User education,Password reset performed and user confirmed access restored.
INC100217,Printer issue for user 468,User reports printer problem. Error observed at login. Restart attempted without success.,Printer,3 - Moderate,Closed,Identity,2026-03-28 04:59:00,2026-03-30 07:57:00,2026-03-30 08:57:00,Resolved by IT,Password reset performed and user confirmed access restored.
INC100218,Hardware issue for user 175,User reports hardware problem. Error observed at login. Restart attempted without success.,Hardware,3 - Moderate,Closed,Database,2026-02-08 12:56:00,2026-02-10 14:55:00,2026-02-10 15:55:00,Resolved by IT,
INC100219,Software issue for user 433,User reports software problem. Error observed at login. Restart attempted without success.,Software,2 - High,Closed,Service Desk,2026-01-13 12:30:00,2026-01-13 18:24:00,2026-01-13 19:24:00,User education,Password reset performed and user confirmed access restored.
INC100220,Email issue for user 68,User reports email problem. Error observed at login. Restart attempted without success.,Email,3 - Moderate,Closed,Identity,2026-03-18 00:20:00,2026-03-18 06:02:00,2026-03-18 07:02:00,Resolved by caller,
INC100221,Email issue for user 415,User reports email problem. Error observed at login. Restart attempted without success.,Email,4 - Low,Closed,Network Ops,2026-01-17 11:03:00,2026-01-21 16:13:00,2026-01-21 17:13:00,User education,Password reset performed and user confirmed access restored.
INC100222,Email issue for user 146,User reports email problem. Error observed at login. Restart attempted without success.,Email,3 - Moderate,Closed,End User Compute,2026-02-07 09:32:00,2026-02-08 09:29:00,2026-02-08 10:29:00,Resolved by caller,
INC100223,Network issue for user 463,User reports network problem. Error observed at login. Restart attempted without success.,Network,3 - Moderate,Closed,Network Ops,2026-01-22 18:28:00,2026-01-22 02:15:00,2026-01-22 03:15:00,Resolved by caller,Password reset performed and user confirmed access restored.
INC100224,Network issue for user 258,User reports network problem. Error observed at login. Restart attempted without success.,Network,4 - Low,Closed,Identity,2026-02-21 22:06:00,2026-02-24 14:36:00,2026-02-24 15:36:00,Resolved by caller,Password reset performed and user confirmed access restored.
INC100225,Email issue for user 71,User reports email problem. Error observed at login. Restart attempted without success.,Email,2 - High,Closed,Windows Platform,2026-03-16 08:31:00,2026-03-16 14:44:00,2026-03-16 15:44:00,Resolved by IT,Password reset performed and user confirmed access restored.
INC100226,Email issue for user 436,User reports email problem. Error observed at login. Restart attempted without success.,Email,3 - Moderate,Closed,Service Desk,2026-03-21 13:32:00,2026-03-24 02:51:00,2026-03-24 03:51:00,Resolved by caller,
INC100227,Email issue for user 76,User reports email problem. Error observed at login. Restart attempted without success.,Email,3 - Moderate,Closed,Database,2026-01-15 14:12:00,2026-01-16 11:39:00,2026-01-16 12:39:00,Resolved by IT,Password reset performed and user confirmed access restored.
INC100228,Network issue for user 28,User reports network problem. Error observed at login. Restart attempted without success.,Network,4 - Low,Closed,Database,2026-01-21 05:02:00,2026-01-30 22:47:00,2026-01-30 23:47:00,User education,Password reset performed and user confirmed access restored.
INC100229,Software issue for user 115,User reports software problem. Error observed at login. Restart attempted without success.,Software,4 - Low,Closed,Service Desk,2026-02-05 03:35:00,2026-02-05 18:17:00,2026-02-05 19:17:00,Resolved by caller,Password reset performed and user confirmed access restored.
INC100230,Access issue for user 147,User reports access problem. Error observed at login. Restart attempted without success.,Access,3 - Moderate,Closed,Database,2026-03-18 09:12:00,2026-03-19 13:17:00,2026-03-19 14:17:00,User education,Password reset performed and user confirmed access restored.
INC100231,Network issue for user 316,User reports network problem. Error observed at login. Restart attempted without success.,Network,3 - Moderate,Closed,Service Desk,2026-03-11 01:42:00,2026-03-12 20:34:00,2026-03-12 21:34:00,Resolved by IT,
INC100232,Email issue for user 217,User reports email problem. Error observed at login. Restart attempted without success.,Email,4 - Low,Closed,Service Desk,2026-01-20 15:06:00,2026-01-21 05:25:00,2026-01-21 06:25:00,Resolved by caller,
INC100233,Network issue for user 328,User reports network problem. Error observed at login. Restart attempted without success.,Network,1 - Critical,Closed,Identity,2026-01-12 02:10:00,2026-01-12 04:11:00,2026-01-12 05:11:00,Resolved by caller,
INC100234,Email issue for user 295,User reports email problem. Error observed at login. Restart attempted without success.,Email,4 - Low,Closed,Network Ops,2026-03-18 03:46:00,2026-03-22 15:19:00,2026-03-22 16:19:00,User education,
INC100235,Software issue for user 124,User reports software problem. Error observed at login. Restart attempted without success.,Software,1 - Critical,Closed,Identity,2026-02-09 01:41:00,2026-02-09 04:19:00,2026-02-09 05:19:00,Resolved by caller,
INC100236,Email issue for user 279,User reports email problem. Error observed at login. Restart attempted without success.,Email,2 - High,Closed,Identity,2026-03-02 19:44:00,2026-03-03 02:30:00,2026-03-03 03:30:00,User education,Password reset performed and user confirmed access restored.
INC100237,Access issue for user 326,User reports access problem. Error observed at login. Restart attempted without success.,Access,4 - Low,Closed,Database,2026-02-05 12:57:00,2026-02-10 06:33:00,2026-02-10 07:33:00,Resolved by caller,
INC100238,Printer issue for user 322,User reports printer problem. Error observed at login. Restart attempted without success.,Printer,3 - Moderate,Closed,Service Desk,2026-01-02 11:28:00,2026-01-04 10:03:00,2026-01-04 11:03:00,User education,Password reset performed and user confirmed access restored.
INC100239,Software issue for user 280,User reports software problem. Error observed at login. Restart attempted without success.,Software,2 - High,Closed,Windows Platform,2026-01-31 06:23:00,2026-01-31 12:57:00,2026-01-31 13:57:00,User education,
INC100240,Hardware issue for user 416,User reports hardware problem. Error observed at login. Restart attempted without success.,Hardware,3 - Moderate,Closed,Network Ops,2026-03-12 22:03:00,2026-03-15 05:24:00,2026-03-15 06:24:00,Resolved by IT,Password reset performed and user confirmed access restored.
INC100241,Software issue for user 104,User reports software problem. Error observed at login. Restart attempted without success.,Software,3 - Moderate,Closed,Service Desk,2026-03-27 21:20:00,2026-03-29 04:17:00,2026-03-29 05:17:00,Resolved by IT,Password reset performed and user confirmed access restored.
INC100242,Email issue for user 243,User reports email problem. Error observed at login. Restart attempted without success.,Email,4 - Low,Closed,Windows Platform,2026-01-29 17:25:00,2026-01-26 05:54:00,2026-01-26 06:54:00,Resolved by IT,Password reset performed and user confirmed access restored.
INC100243,Access issue for user 444,User reports access problem. Error observed at login. Restart attempted without success.,Access,3 - Moderate,Closed,End User Compute,2026-01-18 09:28:00,2026-01-19 13:29:00,2026-01-19 14:29:00,Resolved by caller,
INC100244,Network issue for user 174,User reports network problem. Error observed at login. Restart attempted without success.,Network,3 - Moderate,Closed,Network Ops,2026-03-14 18:11:00,2026-03-17 04:06:00,2026-03-17 05:06:00,Resolved by caller,Password reset performed and user confirmed access restored.
INC100245,Email issue for user 137,User reports email problem. Error observed at login. Restart attempted without success.,Email,4 - Low,Closed,Service Desk,2026-02-03 10:28:00,2026-02-05 09:08:00,2026-02-05 10:08:00,User education,Password reset performed and user confirmed access restored.
INC100246,Software issue for user 53,User reports software problem. Error observed at login. Restart attempted without success.,Software,3 - Moderate,Closed,Service Desk,2026-02-09 04:40:00,2026-02-11 00:51:00,2026-02-11 01:51:00,Resolved by caller,Password reset performed and user confirmed access restored.
INC100247,Printer issue for user 219,User reports printer problem. Error observed at login. Restart attempted without success.,Printer,3 - Moderate,Closed,Network Ops,2026-01-28 21:33:00,2026-01-29 09:29:00,2026-01-29 10:29:00,User education,Password reset performed and user confirmed access restored.
INC100248,Network issue for user 141,User reports network problem. Error observed at login. Restart attempted without success.,Network,1 - Critical,Closed,End User Compute,2026-02-10 16:46:00,2026-02-10 20:35:00,2026-02-10 21:35:00,Resolved by IT,
INC100249,Email issue for user 411,User reports email problem. Error observed at login. Restart attempted without success.,Email,3 - Moderate,Closed,End User Compute,2026-02-28 00:40:00,2026-02-28 21:13:00,2026-02-28 22:13:00,User education,
INC100250,Access issue for user 65,User reports access problem. Error observed at login. Restart attempted without success.,Access,2 - High,Closed,Service Desk,2026-01-03 20:01:00,2026-01-03 21:15:00,2026-01-03 22:15:00,Resolved by IT,Password reset performed and user confirmed access restored.
INC100251,Email issue for user 17,User reports email problem. Error observed at login. Restart attempted without success.,Email,3 - Moderate,Closed,Identity,2026-02-03 08:15:00,2026-02-03 20:54:00,2026-02-03 21:54:00,Resolved by IT,Password reset performed and user confirmed access restored.
INC100252,Hardware issue for user 272,User reports hardware problem. Error observed at login. Restart attempted without success.,Hardware,3 - Moderate,Closed,Windows Platform,2026-03-28 08:44:00,2026-03-29 11:07:00,2026-03-29 12:07:00,Resolved by caller,Password reset performed and user confirmed access restored.
INC100253,Access issue for user 14,User reports access problem. Error observed at login. Restart attempted without success.,Access,2 - High,Closed,End User Compute,2026-01-26 08:48:00,2026-01-26 14:50:00,2026-01-26 15:50:00,Resolved by IT,Password reset performed and user confirmed access restored.
INC100254,Printer issue for user 229,User reports printer problem. Error observed at login. Restart attempted without success.,Printer,4 - Low,Closed,Network Ops,2026-02-05 05:23:00,2026-02-13 16:41:00,2026-02-13 17:41:00,User education,
INC100255,Hardware issue for user 63,User reports hardware problem. Error observed at login. Restart attempted without success.,Hardware,4 - Low,Closed,Network Ops,2026-03-25 10:04:00,2026-04-02 13:55:00,2026-04-02 14:55:00,Resolved by IT,Password reset performed and user confirmed access restored.
INC100256,Software issue for user 342,User reports software problem. Error observed at login. Restart attempted without success.,Software,3 - Moderate,Closed,Windows Platform,2026-03-23 19:11:00,2026-03-26 15:47:00,2026-03-26 16:47:00,User education,
INC100257,Software issue for user 436,User reports software problem. Error observed at login. Restart attempted without success.,Software,3 - Moderate,Closed,Network Ops,2026-02-19 08:23:00,2026-02-20 17:22:00,2026-02-20 18:22:00,User education,Password reset performed and user confirmed access restored.
INC100258,Access issue for user 103,User reports access problem. Error observed at login. Restart attempted without success.,Access,3 - Moderate,Closed,Network Ops,2026-03-05 17:39:00,2026-03-07 09:27:00,2026-03-07 10:27:00,Resolved by IT,Password reset performed and user confirmed access restored.
INC100259,Email issue for user 189,User reports email problem. Error observed at login. Restart attempted without success.,Email,3 - Moderate,Closed,Database,2026-01-03 09:25:00,2026-01-03 20:58:00,2026-01-03 21:58:00,User education,
INC100260,Printer issue for user 246,User reports printer problem. Error observed at login. Restart attempted without success.,Printer,2 - High,Closed,Identity,2026-03-22 11:39:00,2026-03-22 12:38:00,2026-03-22 13:38:00,Resolved by caller,Password reset performed and user confirmed access restored.
INC100261,Hardware issue for user 498,User reports hardware problem. Error observed at login. Restart attempted without success.,Hardware,3 - Moderate,Closed,Windows Platform,2026-03-16 22:36:00,2026-03-21 06:53:00,2026-03-21 07:53:00,User education,
INC100262,Email issue for user 328,User reports email problem. Error observed at login. Restart attempted without success.,Email,3 - Moderate,Closed,Identity,2026-02-12 09:37:00,2026-02-12 21:10:00,2026-02-12 22:10:00,Resolved by IT,Password reset performed and user confirmed access restored.
INC100263,Access issue for user 426,User reports access problem. Error observed at login. Restart attempted without success.,Access,3 - Moderate,Closed,Service Desk,2026-01-12 17:52:00,2026-01-15 12:06:00,2026-01-15 13:06:00,User education,
INC100264,Email issue for user 459,User reports email problem. Error observed at login. Restart attempted without success.,Email,2 - High,Closed,Windows Platform,2026-01-15 23:41:00,2026-01-16 07:22:00,2026-01-16 08:22:00,Resolved by IT,
INC100265,Software issue for user 65,User reports software problem. Error observed at login. Restart attempted without success.,Software,4 - Low,Closed,End User Compute,2026-02-27 19:18:00,2026-03-03 21:44:00,2026-03-03 22:44:00,Resolved by caller,Password reset performed and user confirmed access restored.
INC100266,Hardware issue for user 88,User reports hardware problem. Error observed at login. Restart attempted without success.,Hardware,3 - Moderate,Closed,End User Compute,2026-01-09 12:05:00,2026-01-11 20:04:00,2026-01-11 21:04:00,User education,Password reset performed and user confirmed access restored.
INC100267,Email issue for user 22,User reports email problem. Error observed at login. Restart attempted without success.,Email,3 - Moderate,Closed,Service Desk,2026-02-25 01:56:00,2026-02-28 03:26:00,2026-02-28 04:26:00,Resolved by IT,
INC100268,Email issue for user 214,User reports email problem. Error observed at login. Restart attempted without success.,Email,4 - Low,Closed,Identity,2026-02-28 09:16:00,2026-03-05 02:36:00,2026-03-05 03:36:00,User education,
INC100269,Software issue for user 329,User reports software problem. Error observed at login. Restart attempted without success.,Software,3 - Moderate,Closed,Windows Platform,2026-03-22 22:02:00,2026-03-24 20:47:00,2026-03-24 21:47:00,Resolved by caller,
INC100270,Access issue for user 81,User reports access problem. Error observed at login. Restart attempted without success.,Access,3 - Moderate,Closed,Database,2026-03-15 11:40:00,2026-03-16 19:04:00,2026-03-16 20:04:00,Resolved by caller,Password reset performed and user confirmed access restored.
INC100271,Hardware issue for user 161,User reports hardware problem. Error observed at login. Restart attempted without success.,Hardware,3 - Moderate,Closed,End User Compute,2026-01-19 13:41:00,2026-01-21 06:25:00,2026-01-21 07:25:00,Resolved by caller,Password reset performed and user confirmed access restored.
INC100272,Email issue for user 288,User reports email problem. Error observed at login. Restart attempted without success.,Email,3 - Moderate,Closed,Service Desk,2026-03-20 08:23:00,2026-03-20 15:52:00,2026-03-20 16:52:00,Resolved by caller,
INC100273,Hardware issue for user 73,User reports hardware problem. Error observed at login. Restart attempted without success.,Hardware,3 - Moderate,Closed,Service Desk,2026-01-12 03:39:00,2026-01-14 08:32:00,2026-01-14 09:32:00,Resolved by IT,
INC100274,Hardware issue for user 417,User reports hardware problem. Error observed at login. Restart attempted without success.,Hardware,4 - Low,Closed,Windows Platform,2026-02-04 23:11:00,2026-02-03 14:45:00,2026-02-03 15:45:00,User education,Password reset performed and user confirmed access restored.
INC100275,Network issue for user 264,User reports network problem. Error observed at login. Restart attempted without success.,Network,4 - Low,Closed,Database,2026-01-18 06:41:00,2026-01-26 17:04:00,2026-01-26 18:04:00,Resolved by caller,Password reset performed and user confirmed access restored.
INC100276,Hardware issue for user 111,User reports hardware problem. Error observed at login. Restart attempted without success.,Hardware,1 - Critical,Closed,Identity,2026-02-15 06:31:00,2026-02-15 11:06:00,2026-02-15 12:06:00,Resolved by caller,
INC100277,Printer issue for user 345,User reports printer problem. Error observed at login. Restart attempted without success.,Printer,3 - Moderate,Closed,Database,2026-01-26 14:37:00,2026-01-27 16:31:00,2026-01-27 17:31:00,Resolved by caller,Password reset performed and user confirmed access restored.
INC100278,Software issue for user 392,User reports software problem. Error observed at login. Restart attempted without success.,Software,2 - High,Closed,Database,2026-03-19 02:40:00,2026-03-19 09:56:00,2026-03-19 10:56:00,Resolved by caller,
INC100279,Hardware issue for user 186,User reports hardware problem. Error observed at login. Restart attempted without success.,Hardware,3 - Moderate,Closed,Identity,2026-01-05 15:45:00,2026-01-07 12:34:00,2026-01-07 13:34:00,Resolved by caller,
INC100280,Email issue for user 349,User reports email problem. Error observed at login. Restart attempted without success.,Email,3 - Moderate,Closed,Identity,2026-02-15 21:33:00,2026-02-15 21:02:00,2026-02-15 22:02:00,Resolved by IT,
INC100281,Software issue for user 286,User reports software problem. Error observed at login. Restart attempted without success.,Software,3 - Moderate,Closed,Windows Platform,2026-01-09 19:12:00,2026-01-10 17:44:00,2026-01-10 18:44:00,Resolved by IT,
INC100282,Printer issue for user 171,User reports printer problem. Error observed at login. Restart attempted without success.,Printer,3 - Moderate,Closed,Database,2026-02-16 08:11:00,2026-02-17 23:01:00,2026-02-18 00:01:00,User education,Password reset performed and user confirmed access restored.
INC100283,Hardware issue for user 168,User reports hardware problem. Error observed at login. Restart attempted without success.,Hardware,4 - Low,Closed,Identity,2026-02-25 04:23:00,2026-03-02 06:43:00,2026-03-02 07:43:00,Resolved by caller,
INC100284,Email issue for user 273,User reports email problem. Error observed at login. Restart attempted without success.,Email,3 - Moderate,Closed,Database,2026-02-26 02:45:00,2026-02-27 07:03:00,2026-02-27 08:03:00,User education,Password reset performed and user confirmed access restored.
INC100285,Software issue for user 170,User reports software problem. Error observed at login. Restart attempted without success.,Software,4 - Low,Closed,End User Compute,2026-02-13 05:25:00,2026-02-20 12:58:00,2026-02-20 13:58:00,Resolved by IT,Password reset performed and user confirmed access restored.
INC100286,Printer issue for user 14,User reports printer problem. Error observed at login. Restart attempted without success.,Printer,3 - Moderate,Closed,Identity,2026-02-23 03:07:00,2026-02-25 20:02:00,2026-02-25 21:02:00,Resolved by caller,
INC100287,Email issue for user 296,User reports email problem. Error observed at login. Restart attempted without success.,Email,4 - Low,Closed,Network Ops,2026-03-01 16:09:00,2026-03-03 04:47:00,2026-03-03 05:47:00,User education,
INC100288,Network issue for user 76,User reports network problem. Error observed at login. Restart attempted without success.,Network,2 - High,Closed,End User Compute,2026-02-13 17:33:00,2026-02-13 20:05:00,2026-02-13 21:05:00,Resolved by IT,
INC100289,Hardware issue for user 10,User reports hardware problem. Error observed at login. Restart attempted without success.,Hardware,3 - Moderate,Closed,Database,2026-03-28 07:23:00,2026-03-28 21:37:00,2026-03-28 22:37:00,Resolved by caller,Password reset performed and user confirmed access restored.
INC100290,Network issue for user 447,User reports network problem. Error observed at login. Restart attempted without success.,Network,3 - Moderate,Closed,End User Compute,2026-02-07 14:07:00,2026-02-07 19:40:00,2026-02-07 20:40:00,User education,
INC100291,Email issue for user 167,User reports email problem. Error observed at login. Restart attempted without success.,Email,3 - Moderate,Closed,End User Compute,2026-01-13 13:38:00,2026-01-15 16:56:00,2026-01-15 17:56:00,Resolved by caller,Password reset performed and user confirmed access restored.
INC100292,Email issue for user 182,User reports email problem. Error observed at login. Restart attempted without success.,Email,4 - Low,Closed,End User Compute,2026-01-29 13:24:00,2026-01-31 02:42:00,2026-01-31 03:42:00,User education,Password reset performed and user confirmed access restored.
INC100293,Email issue for user 248,User reports email problem. Error observed at login. Restart attempted without success.,Email,3 - Moderate,Closed,Network Ops,2026-03-15 03:36:00,2026-03-16 19:08:00,2026-03-16 20:08:00,Resolved by IT,
INC100294,Software issue for user 361,User reports software problem. Error observed at login. Restart attempted without success.,Software,2 - High,Closed,Network Ops,2026-01-28 04:04:00,2026-01-28 12:19:00,2026-01-28 13:19:00,User education,Password reset performed and user confirmed access restored.
INC100295,Email issue for user 479,User reports email problem. Error observed at login. Restart attempted without success.,Email,3 - Moderate,Closed,End User Compute,2026-01-29 20:35:00,2026-01-31 03:26:00,2026-01-31 04:26:00,Resolved by caller,
INC100296,Software issue for user 489,User reports software problem. Error observed at login. Restart attempted without success.,Software,3 - Moderate,Closed,Network Ops,2026-02-22 04:46:00,2026-02-21 23:15:00,2026-02-22 00:15:00,Resolved by caller,
INC100297,Software issue for user 474,User reports software problem. Error observed at login. Restart attempted without success.,Software,3 - Moderate,Closed,Database,2026-03-28 22:54:00,2026-03-31 21:22:00,2026-03-31 22:22:00,User education,
INC100298,Email issue for user 357,User reports email problem. Error observed at login. Restart attempted without success.,Email,2 - High,Closed,Windows Platform,2026-02-13 14:33:00,2026-02-13 21:20:00,2026-02-13 22:20:00,Resolved by IT,
INC100299,Hardware issue for user 26,User reports hardware problem. Error observed at login. Restart attempted without success.,Hardware,3 - Moderate,Closed,End User Compute,2026-03-09 10:30:00,2026-03-10 06:37:00,2026-03-10 07:37:00,User education,
INC100300,Access issue for user 349,User reports access problem. Error observed at login. Restart attempted without success.,Access,2 - High,Closed,Network Ops,2026-01-22 04:38:00,2026-01-22 05:52:00,2026-01-22 06:52:00,Resolved by IT,Password reset performed and user confirmed access restored.
INC100301,Network issue for user 335,User reports network problem. Error observed at login. Restart attempted without success.,Network,4 - Low,Closed,Database,2026-03-31 00:16:00,2026-04-07 05:13:00,2026-04-07 06:13:00,Resolved by caller,Password reset performed and user confirmed access restored.
INC100302,Access issue for user 334,User reports access problem. Error observed at login. Restart attempted without success.,Access,4 - Low,Closed,Identity,2026-03-10 19:18:00,2026-03-13 23:01:00,2026-03-14 00:01:00,Resolved by IT,Password reset performed and user confirmed access restored.
INC100303,Access issue for user 468,User reports access problem. Error observed at login. Restart attempted without success.,Access,4 - Low,Closed,Network Ops,2026-03-07 19:40:00,2026-03-16 08:34:00,2026-03-16 09:34:00,Resolved by caller,Password reset performed and user confirmed access restored.
INC100304,Network issue for user 96,User reports network problem. Error observed at login. Restart attempted without success.,Network,4 - Low,Closed,End User Compute,2026-01-17 00:00:00,2026-01-27 02:06:00,2026-01-27 03:06:00,Resolved by caller,Password reset performed and user confirmed access restored.
INC100305,Email issue for user 55,User reports email problem. Error observed at login. Restart attempted without success.,Email,3 - Moderate,Closed,Windows Platform,2026-01-01 20:14:00,2026-01-03 14:06:00,2026-01-03 15:06:00,Resolved by caller,Password reset performed and user confirmed access restored.
INC100306,Email issue for user 240,User reports email problem. Error observed at login. Restart attempted without success.,Email,3 - Moderate,Closed,Windows Platform,2026-02-28 08:58:00,2026-02-27 21:15:00,2026-02-27 22:15:00,Resolved by IT,Password reset performed and user confirmed access restored.
INC100307,Network issue for user 332,User reports network problem. Error observed at login. Restart attempted without success.,Network,2 - High,Closed,Windows Platform,2026-01-31 02:23:00,2026-01-31 08:16:00,2026-01-31 09:16:00,User education,
INC100308,Hardware issue for user 90,User reports hardware problem. Error observed at login. Restart attempted without success.,Hardware,3 - Moderate,Closed,Identity,2026-03-09 01:09:00,2026-03-10 02:43:00,2026-03-10 03:43:00,User education,Password reset performed and user confirmed access restored.
INC100309,Software issue for user 45,User reports software problem. Error observed at login. Restart attempted without success.,Software,3 - Moderate,Closed,Database,2026-03-17 06:35:00,2026-03-19 19:48:00,2026-03-19 20:48:00,User education,
INC100310,Software issue for user 197,User reports software problem. Error observed at login. Restart attempted without success.,Software,2 - High,Closed,Network Ops,2026-03-31 08:31:00,2026-03-31 13:02:00,2026-03-31 14:02:00,Resolved by caller,Password reset performed and user confirmed access restored.
INC100311,Email issue for user 371,User reports email problem. Error observed at login. Restart attempted without success.,Email,3 - Moderate,Closed,Identity,2026-03-28 20:07:00,2026-03-30 18:41:00,2026-03-30 19:41:00,Resolved by IT,
INC100312,Software issue for user 82,User reports software problem. Error observed at login. Restart attempted without success.,Software,3 - Moderate,Closed,Database,2026-02-02 17:27:00,2026-02-04 11:57:00,2026-02-04 12:57:00,User education,Password reset performed and user confirmed access restored.
INC100313,Software issue for user 354,User reports software problem. Error observed at login. Restart attempted without success.,Software,4 - Low,Closed,Service Desk,2026-03-23 11:24:00,2026-03-28 21:49:00,2026-03-28 22:49:00,User education,Password reset performed and user confirmed access restored.
INC100314,Network issue for user 79,User reports network problem. Error observed at login. Restart attempted without success.,Network,3 - Moderate,Closed,Database,2026-01-27 20:31:00,2026-01-29 14:54:00,2026-01-29 15:54:00,User education,Password reset performed and user confirmed access restored.
INC100315,Email issue for user 468,User reports email problem. Error observed at login. Restart attempted without success.,Email,3 - Moderate,Closed,Database,2026-02-04 00:11:00,2026-02-07 09:12:00,2026-02-07 10:12:00,User education,Password reset performed and user confirmed access restored.
INC100316,Access issue for user 270,User reports access problem. Error observed at login. Restart attempted without success.,Access,2 - High,Closed,Database,2026-03-17 03:33:00,2026-03-17 09:14:00,2026-03-17 10:14:00,User education,Password reset performed and user confirmed access restored.
INC100317,Access issue for user 32,User reports access problem. Error observed at login. Restart attempted without success.,Access,4 - Low,Closed,Identity,2026-01-08 02:37:00,2026-01-17 16:52:00,2026-01-17 17:52:00,User education,
INC100318,Access issue for user 349,User reports access problem. Error observed at login. Restart attempted without success.,Access,2 - High,Closed,Network Ops,2026-02-18 20:21:00,2026-02-19 00:07:00,2026-02-19 01:07:00,User education,Password reset performed and user confirmed access restored.
INC100319,Network issue for user 415,User reports network problem. Error observed at login. Restart attempted without success.,Network,4 - Low,Closed,Service Desk,2026-01-09 06:39:00,2026-01-17 04:05:00,2026-01-17 05:05:00,Resolved by caller,
INC100320,Software issue for user 371,User reports software problem. Error observed at login. Restart attempted without success.,Software,3 - Moderate,Closed,Service Desk,2026-02-07 19:30:00,2026-02-10 01:05:00,2026-02-10 02:05:00,Resolved by caller,
INC100321,Email issue for user 38,User reports email problem. Error observed at login. Restart attempted without success.,Email,3 - Moderate,Closed,Service Desk,2026-01-01 06:35:00,2026-01-02 23:46:00,2026-01-03 00:46:00,Resolved by caller,Password reset performed and user confirmed access restored.
INC100322,Network issue for user 17,User reports network problem. Error observed at login. Restart attempted without success.,Network,3 - Moderate,Closed,Windows Platform,2026-01-06 19:17:00,2026-01-09 18:41:00,2026-01-09 19:41:00,Resolved by caller,
INC100323,Printer issue for user 331,User reports printer problem. Error observed at login. Restart attempted without success.,Printer,4 - Low,Closed,Database,2026-01-13 07:50:00,2026-01-20 10:04:00,2026-01-20 11:04:00,Resolved by caller,Password reset performed and user confirmed access restored.
INC100324,Access issue for user 350,User reports access problem. Error observed at login. Restart attempted without success.,Access,3 - Moderate,Closed,End User Compute,2026-02-04 19:32:00,2026-02-06 21:20:00,2026-02-06 22:20:00,User education,
INC100325,Hardware issue for user 276,User reports hardware problem. Error observed at login. Restart attempted without success.,Hardware,3 - Moderate,Closed,Database,2026-03-20 07:19:00,2026-03-21 07:36:00,2026-03-21 08:36:00,User education,
INC100326,Software issue for user 238,User reports software problem. Error observed at login. Restart attempted without success.,Software,2 - High,Closed,End User Compute,2026-03-31 02:03:00,2026-03-31 08:20:00,2026-03-31 09:20:00,User education,Password reset performed and user confirmed access restored.
INC100327,Hardware issue for user 127,User reports hardware problem. Error observed at login. Restart attempted without success.,Hardware,3 - Moderate,Closed,Database,2026-02-18 10:01:00,2026-02-19 19:42:00,2026-02-19 20:42:00,Resolved by caller,
INC100328,Printer issue for user 215,User reports printer problem. Error observed at login. Restart attempted without success.,Printer,4 - Low,Closed,Identity,2026-01-18 03:44:00,2026-01-22 20:11:00,2026-01-22 21:11:00,Resolved by IT,
INC100329,Access issue for user 229,User reports access problem. Error observed at login. Restart attempted without success.,Access,2 - High,Closed,Identity,2026-01-07 02:59:00,2026-01-07 07:02:00,2026-01-07 08:02:00,User education,Password reset performed and user confirmed access restored.
INC100330,Email issue for user 112,User reports email problem. Error observed at login. Restart attempted without success.,Email,2 - High,Closed,Service Desk,2026-01-05 10:20:00,2026-01-05 19:14:00,2026-01-05 20:14:00,Resolved by IT,Password reset performed and user confirmed access restored.
INC100331,Printer issue for user 295,User reports printer problem. Error observed at login. Restart attempted without success.,Printer,2 - High,Closed,Windows Platform,2026-01-27 07:54:00,2026-01-27 14:26:00,2026-01-27 15:26:00,User education,Password reset performed and user confirmed access restored.
INC100332,Printer issue for user 267,User reports printer problem. Error observed at login. Restart attempted without success.,Printer,4 - Low,Closed,Network Ops,2026-03-03 05:10:00,2026-03-08 14:03:00,2026-03-08 15:03:00,Resolved by caller,Password reset performed and user confirmed access restored.
INC100333,Email issue for user 451,User reports email problem. Error observed at login. Restart attempted without success.,Email,3 - Moderate,Closed,End User Compute,2026-01-06 13:09:00,2026-01-09 13:52:00,2026-01-09 14:52:00,Resolved by IT,Password reset performed and user confirmed access restored.
INC100334,Printer issue for user 344,User reports printer problem. Error observed at login. Restart attempted without success.,Printer,3 - Moderate,Closed,Database,2026-02-08 21:14:00,2026-02-10 23:43:00,2026-02-11 00:43:00,User education,Password reset performed and user confirmed access restored.
INC100335,Software issue for user 193,User reports software problem. Error observed at login. Restart attempted without success.,Software,3 - Moderate,Closed,Network Ops,2026-02-07 21:28:00,2026-02-09 12:11:00,2026-02-09 13:11:00,User education,Password reset performed and user confirmed access restored.
INC100336,Network issue for user 469,User reports network problem. Error observed at login. Restart attempted without success.,Network,2 - High,Closed,Service Desk,2026-03-19 07:24:00,2026-03-19 14:07:00,2026-03-19 15:07:00,User education,Password reset performed and user confirmed access restored.
INC100337,Hardware issue for user 199,User reports hardware problem. Error observed at login. Restart attempted without success.,Hardware,3 - Moderate,Closed,Network Ops,2026-02-07 21:52:00,2026-02-08 23:06:00,2026-02-09 00:06:00,Resolved by caller,
INC100338,Email issue for user 371,User reports email problem. Error observed at login. Restart attempted without success.,Email,2 - High,Closed,Network Ops,2026-02-28 20:45:00,2026-02-28 23:25:00,2026-03-01 00:25:00,Resolved by IT,
INC100339,Access issue for user 448,User reports access problem. Error observed at login. Restart attempted without success.,Access,3 - Moderate,Closed,Service Desk,2026-03-03 07:39:00,2026-03-04 22:59:00,2026-03-04 23:59:00,Resolved by IT,Password reset performed and user confirmed access restored.
INC100340,Software issue for user 156,User reports software problem. Error observed at login. Restart attempted without success.,Software,3 - Moderate,Closed,Service Desk,2026-02-23 11:35:00,2026-02-24 00:43:00,2026-02-24 01:43:00,Resolved by IT,Password reset performed and user confirmed access restored.
INC100341,Printer issue for user 387,User reports printer problem. Error observed at login. Restart attempted without success.,Printer,3 - Moderate,Closed,Database,2026-03-29 13:41:00,2026-03-30 15:21:00,2026-03-30 16:21:00,Resolved by IT,Password reset performed and user confirmed access restored.
INC100342,Software issue for user 195,User reports software problem. Error observed at login. Restart attempted without success.,Software,2 - High,Closed,Database,2026-03-06 01:24:00,2026-03-06 10:29:00,2026-03-06 11:29:00,User education,Password reset performed and user confirmed access restored.
INC100343,Email issue for user 452,User reports email problem. Error observed at login. Restart attempted without success.,Email,3 - Moderate,Closed,Database,2026-01-29 01:45:00,2026-01-29 22:58:00,2026-01-29 23:58:00,Resolved by caller,
INC100344,Hardware issue for user 190,User reports hardware problem. Error observed at login. Restart attempted without success.,Hardware,3 - Moderate,Closed,Windows Platform,2026-03-31 07:43:00,2026-04-01 18:32:00,2026-04-01 19:32:00,Resolved by caller,
INC100345,Hardware issue for user 9,User reports hardware problem. Error observed at login. Restart attempted without success.,Hardware,2 - High,Closed,Windows Platform,2026-03-20 15:37:00,2026-03-20 18:24:00,2026-03-20 19:24:00,User education,Password reset performed and user confirmed access restored.
INC100346,Hardware issue for user 195,User reports hardware problem. Error observed at login. Restart attempted without success.,Hardware,3 - Moderate,Closed,Identity,2026-02-22 17:09:00,2026-02-23 23:11:00,2026-02-24 00:11:00,Resolved by IT,Password reset performed and user confirmed access restored.
INC100347,Software issue for user 132,User reports software problem. Error observed at login. Restart attempted without success.,Software,4 - Low,Closed,Database,2026-03-01 14:00:00,2026-03-08 06:14:00,2026-03-08 07:14:00,User education,Password reset performed and user confirmed access restored.
INC100348,Hardware issue for user 369,User reports hardware problem. Error observed at login. Restart attempted without success.,Hardware,3 - Moderate,Closed,Identity,2026-02-14 15:43:00,2026-02-15 23:23:00,2026-02-16 00:23:00,Resolved by caller,
INC100349,Printer issue for user 491,User reports printer problem. Error observed at login. Restart attempted without success.,Printer,3 - Moderate,Closed,Service Desk,2026-03-22 22:50:00,2026-03-23 14:38:00,2026-03-23 15:38:00,User education,
